2026 distance analysis,,,,,,,,,,,,,,,,,,,,,,
,,,,,,,,,,,,,,,,,,,,,,
,,,,,,,,,,,,,,,,,,,,,,
Distance,Finishers,Share,Timed finishers,Missing time,Women,Women %,Men,Men %,Foreign finishers,Foreign %,Countries,Avg age,Median age,Median finish,Fastest,Median pace / km,Avg km/h,,Share chart data,,,
DPD mile,"6,034",18.9%,"6,034",0,"3,169",52.5%,"2,865",47.5%,196,3.2%,37,21.5,13.0,0:11:28,0:04:09,7:08,8.8,,Distance,Men %,Women %,Foreign %
6 km,"9,615",30.2%,"9,615",0,"5,801",60.3%,"3,814",39.7%,290,3.0%,51,27.5,24.0,0:38:49,0:16:50,6:28,9.6,,DPD mile,47.5%,52.5%,3.2%
10 km,"6,742",21.2%,"6,742",0,"3,453",51.2%,"3,289",48.8%,776,11.5%,56,33.7,33.0,1:02:39,0:30:00,6:16,9.8,,6 km,39.7%,60.3%,3.0%
Half Marathon,"6,306",19.8%,"6,302",4,"2,466",39.1%,"3,840",60.9%,"2,246",35.6%,79,35.6,35.0,2:00:00,0:59:14,5:41,10.6,,10 km,48.8%,51.2%,11.5%
Marathon,"3,003",9.4%,"2,995",8,641,21.3%,"2,362",78.7%,"1,763",58.7%,68,37.4,36.0,3:55:45,2:08:58,5:35,10.9,,Half Marathon,60.9%,39.1%,35.6%
Half Marathon - Relay,78,0.2%,78,0,42,53.8%,36,46.2%,5,6.4%,5,35.8,37.0,2:03:38,1:32:00,5:52,10.3,,Marathon,78.7%,21.3%,58.7%
Marathon - Relay,85,0.3%,85,0,39,45.9%,46,54.1%,5,5.9%,5,39.3,41.0,3:57:48,2:47:21,5:38,10.7,,Half Marathon - Relay,46.2%,53.8%,6.4%
,,,,,,,,,,,,,,,,,,,Marathon - Relay,54.1%,45.9%,5.9%