Registered participant reach,,,,,,,,,,,,,,,,
,,,,,,,,,,,,,,,,
,,,,,,,,,,,,,,,,
Year,Registered participants,YoY change,YoY %,Foreign participants,Foreign %,Countries,Kids' Day,DPD Mile / ĢS,5/6 km,10 km,Half Marathon,Marathon,Relay total,42 km Relay,21 km Relay,Sunday total
1991,707,,,,,,,,,,,707,,,,707
1992,509,-198,-28.0%,,,,,,,,,509,,,,509
1993,245,-264,-51.9%,,,,,,,,,245,,,,245
1994,172,-73,-29.8%,,,,,,,,,172,,,,172
1995,169,-3,-1.7%,,,,,,,,,169,,,,169
1996,173,4,2.4%,,,,,,,,,173,,,,173
1997,129,-44,-25.4%,,,,,,,,,129,,,,129
1998,82,-47,-36.4%,,,,,,,,,82,,,,82
1999,61,-21,-25.6%,,,,,,,,,61,,,,61
2000,101,40,65.6%,,,,,,,,,101,,,,101
2001,89,-12,-11.9%,,,,,,,,,89,,,,89
2002,89,0,0.0%,,,,,,,,,89,,,,89
2003,118,29,32.6%,,,,,,,,,118,,,,118
2004,136,18,15.3%,,,,,,,,,136,,,,136
2005,158,22,16.2%,,,,,,,,,158,,,,158
2006,251,93,58.9%,,,,,,,,127,124,,,,251
2007,"1,320","1,069",425.9%,,,,,,738,,357,225,,,,"1,320"
2008,"5,342","4,022",304.7%,,,,,,"3,687",,"1,140",515,,,,"5,342"
2009,"8,483","3,141",58.8%,,,,,,"5,966",264,"1,604",649,,,,"8,483"
2010,"11,324","2,841",33.5%,,,,,,"7,810",540,"2,186",788,,,,"11,324"
2011,"16,358","5,034",44.5%,,,,,,"10,564","2,260","2,569",965,,,,"16,358"
2012,"18,180","1,822",11.1%,,,,,,"10,973","3,425","2,690","1,092",,,,"18,180"
2013,"22,020","3,840",21.1%,,,,,,"12,794","4,777","3,171","1,278",,,,"22,020"
2014,"23,193","1,173",5.3%,,,,,,"12,327","5,666","3,715","1,485",,,,"23,193"
2015,"25,931","2,738",11.8%,,,,,,"13,387","6,570","4,275","1,699",,,,"25,931"
2016,"33,590","7,659",29.5%,,,,"6,864","1,660","12,482","6,512","4,313","1,759",,,,"25,066"
2017,"32,415","-1,175",-3.5%,,,,"7,042","1,874","10,168","6,802","4,589","1,940",,,,"23,499"
2018,"37,531","5,116",15.8%,,,,"8,367","3,519","11,201","6,975","5,395","2,074",,,,"25,645"
2019,"37,009",-522,-1.4%,,,,"8,522","3,828","10,140","6,749","5,478","2,292",,,,"24,659"
2020,"15,964","-21,045",-56.9%,,,,"6,121",,"3,928","2,743","2,370",802,,,,"9,843"
2021,"10,082","-5,882",-36.8%,,,,"2,497",,"1,916","2,320","2,188","1,161",,,,"7,585"
2022,"16,989","6,907",68.5%,,,,"3,500","1,838","4,514","3,467","2,632","1,038",,,,"11,651"
2023,"23,751","6,762",39.8%,"2,704",11.4%,79,"5,560","2,454","6,205","4,403","3,506","1,498",,,,"15,612"
2024,"33,003","9,252",39.0%,"4,305",13.0%,104,"7,067","4,495","8,658","5,707","4,834","2,175",,,,"21,374"
2025,"40,122","7,119",21.6%,"6,017",15.0%,109,"8,165","6,052","9,563","6,869","6,261","3,149",,,,"25,842"
2026,"46,313","6,191",15.4%,"6,593",14.2%,116,"9,433","6,780","11,538","8,022","7,142","3,569",223,134,89,"30,271"